id,price,zipcode,lat,long,sell_price,profit,season,address,neighbourhood,city
3352402236,252500.0,98178,47.498,-122.263,328250.0,75750.0,fall,"Beacon Avenue South, 11708",King County,Seattle
185000118,212000.0,98178,47.495,-122.266,275600.0,63600.0,winter,"56th Place South, 12028",King County,Seattle
8068000585,235000.0,98178,47.5071,-122.265,305500.0,70500.0,fall,"55th Avenue South, 10425",Rainier Beach,Seattle
7129300420,258000.0,98178,47.5111,-122.256,335400.0,77400.0,fall,"62nd Avenue South, 10017",Rainier Beach,Seattle
1180008315,212000.0,98178,47.492,-122.224,275600.0,63600.0,winter,"South 124th Street, 8536",King County,Seattle
4058801065,272000.0,98178,47.5031,-122.242,299200.0,27200.0,summer,"Woodley Avenue South, 11128",King County,Seattle
4279900140,251000.0,98178,47.5008,-122.257,326300.0,75300.0,fall,"61st Avenue South, 11410",King County,Seattle
3348401622,223000.0,98178,47.5003,-122.269,289900.0,66900.0,fall,"South Augusta Street, 5130",King County,Seattle
4060000290,253000.0,98178,47.5002,-122.247,328900.0,75900.0,fall,"70th Place South, 11457",King County,Seattle
2144800146,257500.0,98178,47.4865,-122.238,334750.0,77250.0,fall,"76th Avenue South, 13010",Bryn Mawr,Seattle
2126049032,375000.0,98125,47.7231,-122.301,487500.0,112500.0,fall,"Northeast 130th Street, 2520",King County,Seattle
4427100105,398000.0,98125,47.7272,-122.311,517400.0,119400.0,fall,"16th Avenue Northeast, 13519",King County,Seattle
9324800110,420000.0,98125,47.7336,-122.29,462000.00000000006,42000.00000000006,spring,"36th Avenue Northeast, 14357",Cedar Park,Seattle
1454100056,355000.0,98125,47.7232,-122.289,461500.0,106500.0,fall,"Northeast 130th Street, 3542",Cedar Park,Seattle
4427100025,270000.0,98125,47.7276,-122.312,351000.0,81000.0,spring,"15th Place Northeast, 13539",King County,Seattle
6381500065,376500.0,98125,47.7326,-122.307,489450.0,112950.0,fall,"20th Avenue Northeast, 14316",King County,Seattle
6413100311,390000.0,98125,47.7143,-122.32,507000.0,117000.0,fall,"Northeast 117th Street, 808",King County,Seattle
6414100133,337000.0,98125,47.7207,-122.32,438100.0,101100.0,fall,"Roosevelt Way Northeast, 12551",King County,Seattle
6413600285,402000.0,98125,47.7192,-122.32,522600.0,120600.0,fall,"Northeast 125th Street, 819",King County,Seattle
8822900115,306000.0,98125,47.7175,-122.292,397800.0,91800.0,spring,"Northeast 123rd Street, 3316",King County,Seattle
5667100025,405000.0,98125,47.72,-122.318,526500.0,121500.0,fall,"Northeast 126th Street, 1003",King County,Seattle
3649100320,330000.0,98028,47.7405,-122.241,429000.0,99000.0,summer,"75th Avenue Northeast, 15415",King County,
8718500075,396000.0,98028,47.7403,-122.256,514800.0,118800.0,fall,"64th Avenue Northeast, 15406",King County,
3818700016,434000.0,98028,47.7647,-122.263,477400.00000000006,43400.00000000006,summer,"Northeast 188th Place, 6133",King County,
5631500905,272925.0,98028,47.7477,-122.232,354802.5,81877.5,summer,"Northeast 165th Street, 8183",King County,
114100297,400000.0,98028,47.7769,-122.25,520000.0,120000.0,fall,"Northeast 204th Street, 6801",King County,
6181700250,350000.0,98028,47.7598,-122.255,455000.0,105000.0,fall,"Northeast 181st Street, 6440",King County,
3013301525,453500.0,98136,47.5286,-122.383,589550.0,136050.0,spring,"Southwest Thistle Street, 4000",King County,Seattle
2594200375,427500.0,98136,47.5142,-122.389,555750.0,128250.0,spring,"44th Avenue Southwest, 9855",King County,Seattle
7104100050,485000.0,98136,47.5499,-122.394,533500.0,48500.0,fall,"48th Avenue Southwest, 5909",Morgan Junction,Seattle
312000295,400000.0,98136,47.5569,-122.394,520000.0,120000.0,spring,"48th Avenue Southwest, 5021",King County,Seattle
1090000075,393000.0,98136,47.5319,-122.391,510900.0,117900.0,winter,"Southwest Kenyon Place, 4437",King County,Seattle
7504180070,577000.0,98074,47.619,-122.054,750100.0,173100.0,spring,"Northeast 10th Place, 21412",King County,
3575301550,560000.0,98074,47.6175,-122.065,728000.0,168000.0,spring,"206th Place Northeast, 1298",King County,
8653600050,572000.0,98074,47.6144,-122.067,743600.0,171600.0,spring,"205th Avenue Northeast, 469",King County,
3575302880,339300.0,98074,47.6205,-122.063,441090.0,101790.0,summer,"Northeast Inglewood Hill Road, 20798",King County,
8562901010,505000.0,98074,47.6082,-122.057,656500.0,151500.0,spring,"211th Place Southeast, 124",King County,
203900610,339000.0,98053,47.6384,-121.969,440700.0,101700.0,fall,"Northeast Ames Lake Road, 27748",King County,
2821049082,225000.0,98003,47.2791,-122.3,292500.0,67500.0,spring,"South 360th Street, 2606",King County,
4222310680,240000.0,98003,47.3463,-122.308,312000.0,72000.0,spring,"20th Avenue South, 28403",King County,
3584000180,253400.0,98003,47.3182,-122.319,278740.0,25340.0,fall,"South 316th Street, 1033",King County,
1697000370,234000.0,98198,47.3731,-122.312,304200.0,70200.0,winter,"16th Place South, 25422",Woodmont,
6052401215,255000.0,98198,47.4039,-122.323,331500.0,76500.0,winter,"8th Avenue South, 22018",Downtown Des Moines,
84000335,225000.0,98146,47.4851,-122.338,292500.0,67500.0,winter,"Southwest 132nd Street, 228",Inglesea,
123039424,303000.0,98146,47.5073,-122.372,333300.0,30300.0,winter,"31st Avenue Southwest, 10630",Arroyo Heights,Seattle
6303400520,265000.0,98146,47.5073,-122.36,344500.0,79500.0,spring,"21st Avenue Southwest, 10658",Shorewood,Seattle
7454001120,285950.0,98146,47.5122,-122.374,314545.0,28595.0,summer,"33rd Avenue Southwest, 10119",Arroyo Heights,Seattle
7889600080,208000.0,98146,47.4933,-122.338,270400.0,62400.0,fall,"3rd Avenue Southwest, 12246",Beverly Park,
7907600100,287500.0,98146,47.5011,-122.336,316250.0,28750.0,winter,"Southwest 114th Street, 155",Beverly Park,Seattle
722079104,314000.0,98038,47.4109,-121.958,408200.0,94200.0,spring,"290th Avenue Southeast, 21315",King County,
1545808560,245000.0,98038,47.3592,-122.046,318500.0,73500.0,winter,"Southeast 271st Street, 22054",Rock Creek Meadows,
922069139,260000.0,98038,47.407,-122.045,338000.0,78000.0,winter,"Southeast Bain Road, 22201",King County,
1545807990,315000.0,98038,47.3583,-122.056,409500.0,94500.0,spring,"Southeast 271st Place, 21309",Cherokee Bay,
1545802850,286000.0,98038,47.359,-122.05,371800.0,85800.0,spring,"Southeast 271st Street, 21821",Lakewood Estates,
1545803340,269000.0,98038,47.3609,-122.05,349700.0,80700.0,spring,"Southeast 269th Street, 21820",Cherokee Bay,
1545801970,250000.0,98038,47.3594,-122.054,325000.0,75000.0,winter,"216th Avenue Southeast, 27022",Cherokee Bay,
4396000180,267500.0,98038,47.3991,-121.964,347750.0,80250.0,fall,"Southeast 226th Street, 28515",King County,
1441300130,319000.0,98038,47.3714,-122.054,414700.0,95700.0,spring,"215th Court Southeast, 25756",Maple Downs,
5111400086,110000.0,98038,47.4235,-122.051,143000.0,33000.0,winter,"Renton Maple Valley Road Southeast, 19845",King County,
1545806720,254950.0,98038,47.3676,-122.046,331435.0,76485.0,winter,"221st Place Southeast, 26020",Cherokee Bay,
646500070,420000.0,98007,47.5941,-122.142,546000.0,126000.0,fall,"Southeast 18th Place, 14819",King County,Bellevue
4039400410,525000.0,98007,47.606,-122.135,577500.0,52500.0,fall,"Southeast 4th Place, 15400",King County,Bellevue
2207200635,439800.0,98007,47.6023,-122.132,571740.0,131940.0,spring,"Southeast 9th Street, 15542",King County,Bellevue
3188100400,530000.0,98115,47.69,-122.304,583000.0,53000.0,winter,"Northeast 83rd Street, 2202",King County,Seattle
8815400105,500000.0,98115,47.6743,-122.285,650000.0,150000.0,spring,"40th Avenue Northeast, 6209",Hawthorne Hills,Seattle
2464400340,381500.0,98115,47.6859,-122.322,495950.0,114450.0,winter,"Northeast 79th Street, 519",King County,Seattle
9547205225,540000.0,98115,47.6821,-122.31,594000.0,54000.0,winter,"17th Avenue Northeast, 7331",King County,Seattle
3908100020,540000.0,98115,47.6827,-122.289,594000.0,54000.0,winter,"35th Avenue Northeast, 7340",Wedgwood,Seattle
3692900010,445000.0,98115,47.6783,-122.298,578500.0,133500.0,summer,"27th Avenue Northeast, 6822",Ravenna,Seattle
5282200015,525000.0,98115,47.6845,-122.313,577500.0,52500.0,winter,,,
2979800845,501000.0,98115,47.6846,-122.317,651300.0,150300.0,spring,"Roosevelt Way Northeast, 7550",King County,Seattle
3735901600,435000.0,98115,47.687,-122.32,565500.0,130500.0,fall,"Northeast 80th Street, 802",King County,Seattle
5101402435,312000.0,98115,47.6942,-122.304,405600.0,93600.0,winter,"Ravenna Avenue Northeast, 9014",King County,Seattle
9222400565,474000.0,98115,47.6741,-122.323,616200.0,142200.0,spring,"5th Avenue Northeast, 6058",Meridian,Seattle
6884800262,535000.0,98115,47.6873,-122.314,588500.0,53500.0,winter,"Brooklyn Avenue Northeast, 8018",King County,Seattle
1566100450,505000.0,98115,47.6978,-122.297,656500.0,151500.0,spring,"Northeast 95th Street, 2738",Lavilla,Seattle
2887701251,392800.0,98115,47.688,-122.308,510640.0,117840.0,winter,"19th Avenue Northeast, 8045",King County,Seattle
8024201210,550000.0,98115,47.6988,-122.313,605000.0,55000.0,fall,"Northeast 96th Street, 1242",King County,Seattle
9221400600,462000.0,98115,47.674,-122.319,600600.0,138600.0,spring,"Northeast 63rd Street, 825",King County,Seattle
2767600171,440000.0,98107,47.6757,-122.385,572000.0,132000.0,spring,"22nd Avenue Northwest, 6411",King County,Seattle
2768301490,402000.0,98107,47.6655,-122.371,522600.0,120600.0,summer,"Northwest 50th Street, 1100",King County,Seattle
2516000475,455000.0,98107,47.6585,-122.363,591500.0,136500.0,spring,"5th Avenue Northwest, 4223",King County,Seattle
2516000486,402500.0,98107,47.6588,-122.362,523250.0,120750.0,summer,"4th Avenue Northwest, 4235",King County,Seattle
2768100040,515000.0,98107,47.6699,-122.369,566500.0,51500.0,fall,"9th Avenue Northwest, 5609",King County,Seattle
1175001135,424000.0,98107,47.6712,-122.393,551200.0,127200.0,winter,"28th Avenue Northwest, 5807",Sunset Hill,Seattle
2769602710,517950.0,98107,47.6752,-122.361,569745.0,51795.0,fall,"3rd Avenue Northwest, 6233",King County,Seattle
5347200160,235000.0,98126,47.5188,-122.376,305500.0,70500.0,fall,"34th Avenue Southwest, 9413",Arroyo Heights,Seattle
7454000030,250000.0,98126,47.5172,-122.375,325000.0,75000.0,fall,"Southwest Roxbury Street, 3229",King County,Seattle
1781500435,260000.0,98126,47.5256,-122.38,338000.0,78000.0,fall,,,
9842300485,380000.0,98126,47.5285,-122.378,418000.00000000006,38000.00000000006,fall,"Southwest Thistle Street, 3526",King County,Seattle
2492200956,360000.0,98126,47.5338,-122.381,468000.0,108000.0,winter,"Southwest Holden Street, 3804",High Point,Seattle
2695600195,379500.0,98126,47.5314,-122.378,417450.00000000006,37950.00000000006,fall,"Southwest Monroe Street, 3528",High Point,Seattle
7454000605,279000.0,98126,47.5161,-122.374,362700.0,83700.0,fall,"33rd Avenue Southwest, 9716",Arroyo Heights,Seattle
7452500285,280000.0,98126,47.5195,-122.374,364000.0,84000.0,fall,"32nd Avenue Southwest, 9308",King County,Seattle
7452500770,267500.0,98126,47.5201,-122.372,347750.0,80250.0,fall,"31st Avenue Southwest, 9236",King County,Seattle
4364200015,335000.0,98126,47.5318,-122.374,435500.0,100500.0,winter,"32nd Avenue Southwest, 7903",High Point,Seattle
7454000990,304950.0,98126,47.5151,-122.372,396435.0,91485.0,summer,"31st Avenue Southwest, 9817",Arroyo Heights,Seattle
7454000875,299000.0,98126,47.5151,-122.372,388700.0,89700.0,summer,"31st Avenue Southwest, 9817",Arroyo Heights,Seattle
8122100160,385000.0,98126,47.5377,-122.376,423500.00000000006,38500.00000000006,fall,"35th Avenue Southwest, 7156",High Point,Seattle
8122100905,395000.0,98126,47.5359,-122.372,434500.00000000006,39500.00000000006,summer,"31st Avenue Southwest, 7350",High Point,Seattle
2130700860,375000.0,98019,47.7403,-121.984,487500.0,112500.0,fall,"Northeast Stephens Street, 26556",King County,
2129700142,201000.0,98019,47.7242,-121.951,261300.0,60300.0,spring,"Batten Road Northeast, 14057",King County,
3363900111,437500.0,98103,47.68,-122.353,568750.0,131250.0,spring,"Dayton Avenue North, 7011",King County,Seattle
3362900696,415000.0,98103,47.6838,-122.352,539500.0,124500.0,winter,"North 76th Street, 509",King County,Seattle
3797000300,405000.0,98103,47.6868,-122.349,526500.0,121500.0,fall,"North 80th Street, 719",King County,Seattle
3362400615,400000.0,98103,47.682,-122.348,520000.0,120000.0,fall,"North 73rd Street, 742",King County,Seattle
6430500010,547000.0,98103,47.6872,-122.35,601700.0,54700.0,winter,"Fremont Avenue North, 8007",King County,Seattle
3797000680,549000.0,98103,47.6857,-122.349,603900.0,54900.0,winter,"North 78th Street, 720",King County,Seattle
3363400655,549000.0,98103,47.6809,-122.351,603900.0,54900.0,winter,"North 72nd Street, 535",King County,Seattle
1931300425,539000.0,98103,47.6543,-122.347,592900.0,53900.0,fall,"Aurora Avenue North, 3908",King County,Seattle
6046400755,475000.0,98103,47.6915,-122.345,617500.0,142500.0,spring,"Aurora Avenue North, 8601",Licton Springs,Seattle
1172000150,238000.0,98103,47.6946,-122.357,309400.0,71400.0,fall,"Palatine Avenue North, 9013",King County,Seattle
6813600365,527950.0,98103,47.6889,-122.33,580745.0,52795.0,fall,"Sunnyside Avenue North, 8203",Licton Springs,Seattle
3797000330,471001.0,98103,47.6867,-122.349,612301.3,141300.30000000005,spring,"North 80th Street, 719",King County,Seattle
8021701115,549000.0,98103,47.6913,-122.333,603900.0,54900.0,winter,"North 86th Street, 2116",Licton Springs,Seattle
9266701085,409950.0,98103,47.6926,-122.346,532935.0,122985.0,fall,"North 88th Street, 929",Licton Springs,Seattle
9266700256,470000.0,98103,47.6939,-122.348,611000.0,141000.0,spring,"North 90th Street, 743",King County,Seattle
3797000035,430000.0,98103,47.6867,-122.345,559000.0,129000.0,spring,"North 80th Street, 949",King County,Seattle
6431500122,520000.0,98103,47.6931,-122.352,676000.0,156000.0,spring,"Dayton Avenue North, 8728",King County,Seattle
1972201161,435000.0,98103,47.654,-122.35,565500.0,130500.0,spring,"Fremont Way North, NA",King County,Seattle
1997200245,540000.0,98103,47.6928,-122.339,594000.0,54000.0,fall,"Ashworth Avenue North, 8818",Licton Springs,Seattle
1202000200,233000.0,98002,47.3048,-122.218,256300.00000000003,23300.00000000003,summer,"I Street Southeast, 316",King County,
1450100070,208000.0,98002,47.2898,-122.221,270400.0,62400.0,winter,"21st Street Southeast, 604",Stuck,
3021059155,161500.0,98002,47.2811,-122.214,209950.0,48450.0,summer,"M Street Southeast, 3019",King County,
7116000425,150000.0,98002,47.303,-122.217,195000.0,45000.0,summer,"5th Street Southeast, 910",King County,
3339900640,200000.0,98002,47.3184,-122.22,260000.0,60000.0,winter,"12th Street Northeast, 804",King County,
1921059235,215000.0,98002,47.2898,-122.222,279500.0,64500.0,winter,"21st Street Southeast, 506",Stuck,
7116500125,189000.0,98002,47.3025,-122.224,245700.0,56700.0,winter,"D Street Southeast, 508",King County,
8581400450,159995.0,98002,47.297,-122.225,207993.5,47998.5,summer,"12th Street Southeast, 242",King County,
1450100420,205000.0,98002,47.2891,-122.221,266500.0,61500.0,winter,"Cedar Drive Southeast, 604",Stuck,
6131600255,202500.0,98002,47.323,-122.216,263250.0,60750.0,winter,"17th Street Northeast, 1031",King County,
9150100020,189000.0,98002,47.3006,-122.223,245700.0,56700.0,winter,"8th Street Southeast, 414",King County,
7335400020,219500.0,98002,47.3066,-122.217,285350.0,65850.0,winter,"J Street Southeast, 112",King County,
8581400015,189900.0,98002,47.297,-122.227,246870.0,56970.0,winter,"B Street Southeast, 1305",King County,
9499200220,234000.0,98002,47.3089,-122.213,257400.00000000003,23400.00000000003,summer,"M Street Northeast, 28",King County,
7335400065,229950.0,98002,47.307,-122.217,298935.0,68985.0,winter,"1st Street Southeast, 1003",King County,
1755700060,371500.0,98133,47.7458,-122.331,408650.00000000006,37150.00000000006,winter,"North 161st Street, 2362",Meridian Park,
2231500030,315000.0,98133,47.7711,-122.341,409500.0,94500.0,spring,,,
726049184,294000.0,98133,47.7512,-122.34,382200.0,88200.0,winter,"Ashworth Avenue North, 16720",Meridian Park,
396100025,339999.0,98133,47.7461,-122.332,441998.7,101999.70000000001,spring,"North 161st Place, 2316",Meridian Park,
6671900130,370000.0,98133,47.74,-122.343,407000.00000000006,37000.00000000006,winter,"Stone Avenue North, 15321",King County,
414100630,335000.0,98133,47.7479,-122.343,435500.0,100500.0,spring,"Midvale Avenue North, 16371",Meridian Park,
2231800020,366000.0,98133,47.7685,-122.332,402600.00000000006,36600.00000000006,winter,"North 192nd Street, 2310",King County,
626049091,275500.0,98133,47.7641,-122.341,358150.0,82650.0,summer,"Ashworth Avenue North, 18613",Meridian Park,
7276100145,344950.0,98133,47.7619,-122.343,448435.0,103485.0,spring,"Stone Avenue North, 18316",Meridian Park,
3293700496,270000.0,98133,47.7481,-122.355,351000.0,81000.0,fall,,,
3705900124,302000.0,98133,47.7617,-122.335,392600.0,90600.0,spring,"Meridian Avenue North, 18313",Meridian Park,
415100085,350000.0,98133,47.7451,-122.339,385000.00000000006,35000.00000000006,fall,"Densmore Avenue North, 15913",Meridian Park,
1397300120,364500.0,98133,47.7508,-122.352,400950.00000000006,36450.00000000006,summer,"North 167th Street, 645",King County,
6671900095,313000.0,98133,47.7412,-122.343,406900.0,93900.0,spring,"Stone Avenue North, 15345",King County,
6885900415,290000.0,98133,47.7427,-122.34,377000.0,87000.0,winter,"Ashworth Avenue North, 15647",Meridian Park,
1074100110,355300.0,98133,47.7708,-122.335,390830.00000000006,35530.00000000006,fall,"Meridian Avenue North, 19598",King County,
191100045,940000.0,98040,47.5639,-122.217,1034000.0000000001,94000.00000000012,summer,"Southeast 46th Street, 9140",King County,
5458800125,925000.0,98040,47.5786,-122.236,1017500.0000000001,92500.00000000012,summer,"77th Avenue Southeast, 3584",Mercer Heights,
5450900140,830000.0,98040,47.5562,-122.22,1079000.0,249000.0,spring,"90th Avenue Southeast, 5235",King County,
3626500045,760000.0,98040,47.571,-122.227,988000.0,228000.0,winter,"Island Crest Way, 4201",Mercer Heights,
5315100806,940000.0,98040,47.5833,-122.242,1034000.0000000001,94000.00000000012,summer,"NA, NA",King County,
5021900160,711000.0,98040,47.5768,-122.222,924300.0,213300.0,summer,"88th Avenue Southeast, 3710",Fortuna,
5451210100,938000.0,98040,47.5351,-122.223,1031800.0000000001,93800.00000000012,summer,"86th Avenue Southeast, 7509",King County,
5482700100,876650.0,98040,47.5665,-122.229,1139645.0,262995.0,spring,"West Mercer Way, NA",Mercer Heights,
5021900779,785000.0,98040,47.5753,-122.224,1020500.0,235500.0,fall,"86th Avenue Southeast, 3955",Fortuna,
1483300430,554000.0,98040,47.588,-122.251,720200.0,166200.0,summer,"62nd Avenue Southeast, 2557",McGilvra,
5021900175,500000.0,98040,47.5763,-122.222,650000.0,150000.0,summer,"88th Avenue Southeast, 3812",Fortuna,
1824059079,880000.0,98040,47.5705,-122.225,1144000.0,264000.0,spring,"85th Avenue Southeast, 4254",Mercer Heights,
2174503441,650000.0,98040,47.5866,-122.25,845000.0,195000.0,summer,"63rd Avenue Southeast, 2727",McGilvra,
5459000240,785000.0,98040,47.5754,-122.233,1020500.0,235500.0,fall,"79th Avenue Southeast, 3920",Mercer Heights,
6672900220,984000.0,98040,47.5528,-122.221,1082400.0,98400.0,summer,"Southeast 56th Street, 8800",King County,
5460900120,989900.0,98040,47.5749,-122.213,1088890.0,98990.0,winter,"96th Avenue Southeast, 3912",Fortuna,
5459000305,648752.0,98040,47.5767,-122.233,843377.6,194625.59999999998,summer,"79th Avenue Southeast, 3776",Mercer Heights,
2599001200,305000.0,98092,47.2909,-122.189,335500.0,30500.0,summer,"Fir Street Southeast, 2020",King County,
7749500160,220000.0,98092,47.2966,-122.19,286000.0,66000.0,winter,"Scenic Drive, 2924",King County,
3977630270,206990.0,98092,47.3174,-122.127,269087.0,62097.0,winter,"161st Place Southeast, 31705",King County,
3521059042,255500.0,98092,47.2716,-122.144,332150.0,76650.0,fall,"Southeast 368th Place, 14812",King County,
3903200050,263950.0,98092,47.2874,-122.187,343135.0,79185.0,fall,"Hemlock Street Southeast, 2320",King County,
3977630130,146300.0,98092,47.3156,-122.128,190190.0,43890.0,winter,"160th Place Southeast, 31914",King County,
7524600120,250000.0,98092,47.3197,-122.117,325000.0,75000.0,spring,"168th Way Southeast, 31314",King County,
4137020820,268000.0,98092,47.2595,-122.218,348400.0,80400.0,fall,"James Place Southeast, 5421",King County,
1922059010,140000.0,98030,47.3857,-122.215,182000.0,42000.0,winter,"South 241st Street, 9409",King County,
1922059401,275000.0,98030,47.3834,-122.215,302500.0,27500.0,winter,"94th Avenue South, 24322",King County,
7011201470,625000.0,98119,47.6364,-122.371,812500.0,187500.0,summer,"11th Avenue West, 1910",Interbay,Seattle
2652500070,636000.0,98119,47.6423,-122.361,826800.0,190800.0,summer,"3rd Avenue West, 2561",King County,Seattle
6819100150,677915.0,98119,47.6448,-122.358,745706.5000000001,67791.50000000012,winter,"1st Avenue West, 2718",King County,Seattle
4232903265,614950.0,98119,47.6333,-122.362,799435.0,184485.0,summer,"West Garfield Street, 321",King County,Seattle
3303700376,667000.0,98112,47.6221,-122.314,867100.0,200100.0,summer,"East Harrison Street, 1414",King County,Seattle
4385700765,850000.0,98112,47.6374,-122.279,1105000.0,255000.0,spring,"42nd Avenue East, 2015",Edgewater Park,Seattle
5016002180,780000.0,98112,47.6233,-122.3,1014000.0,234000.0,spring,"25th Avenue East, 419",King County,Seattle
1337800855,885000.0,98112,47.6308,-122.312,1150500.0,265500.0,spring,"East Highland Drive, 1510",King County,Seattle
9828700900,549000.0,98112,47.6205,-122.294,713700.0,164700.0,fall,"East John Street, 2918",King County,Seattle
6788201015,690000.0,98112,47.6408,-122.3,897000.0,207000.0,summer,"East Calhoun Street, 2505",Montlake,Seattle
6788200360,727000.0,98112,47.6412,-122.302,945100.0,218100.0,winter,"24th Avenue East, 2456",Montlake,Seattle
8805900570,808000.0,98112,47.6419,-122.306,1050400.0,242400.0,spring,"East Miller Street, 1924",Montlake,Seattle
8712100720,785000.0,98112,47.6378,-122.301,1020500.0,235500.0,spring,"24th Avenue East, 1888",Montlake,Seattle
9828700235,669000.0,98112,47.6204,-122.292,869700.0,200700.0,summer,"31st Avenue East, 206",King County,Seattle
7955040160,495000.0,98052,47.6644,-122.144,643500.0,148500.0,spring,"Northeast 65th Street, 14699",King County,
8045000340,565000.0,98052,47.6688,-122.161,734500.0,169500.0,spring,"Northeast 75th Street, NA",King County,
9512501370,544300.0,98052,47.6707,-122.149,707590.0,163290.0,spring,"143rd Avenue Northeast, 7319",King County,
1842300050,600000.0,98052,47.6696,-122.149,660000.0,60000.0,fall,"143rd Avenue Northeast, 14233",King County,
339600190,420000.0,98052,47.6826,-122.096,546000.0,126000.0,fall,"Northeast 91st Street, 9105",King County,
623069068,425000.0,98027,47.5081,-122.093,552500.0,127500.0,spring,"185th Avenue Southeast, NA",King County,
5710600030,500000.0,98027,47.5328,-122.051,650000.0,150000.0,fall,"West Sunset Way, 918",King County,
2354300740,551000.0,98027,47.5286,-122.032,606100.0,55100.0,winter,"Southeast Bush Street, 276",King County,
3424069145,343000.0,98027,47.5271,-122.036,445900.0,102900.0,winter,"1st Avenue Southeast, 400",King County,
5279100675,313000.0,98027,47.5321,-122.029,406900.0,93900.0,winter,"Northeast Birch Street, 468",King County,
2623069031,542500.0,98027,47.4564,-122.004,596750.0,54250.0,winter,"252nd Avenue Southeast, 16206",King County,
2523069146,349900.0,98027,47.4511,-121.976,454870.0,104970.0,winter,"Tiger Mountain Road Southeast, 16729",King County,
3388300730,550388.0,98027,47.4936,-122.069,605426.8,55038.80000000005,winter,"206th Place Southeast, 12021",King County,
1823069155,525888.0,98027,47.4845,-122.08,578476.8,52588.80000000005,winter,"195th Place Southeast, 13129",Ravenswood,
5706200370,550000.0,98027,47.5246,-122.044,605000.0,55000.0,winter,"Mountain Park Boulevard Southwest, 502",King County,
5561000430,470000.0,98027,47.4612,-121.992,611000.0,141000.0,fall,"Southeast 158th Street, 26044",King County,
5561401530,550000.0,98027,47.4718,-122.009,605000.0,55000.0,winter,"Southeast 146th Street, 24809",Mirrormont,
3424069066,396450.0,98027,47.5172,-122.027,515385.0,118935.0,winter,"Lewis Lane Southeast, 568",Sycamore,
1254200075,460000.0,98117,47.6802,-122.388,598000.0,138000.0,winter,"24th Avenue Northwest, 7021",Loyal Heights,Seattle
2919702075,532500.0,98117,47.6886,-122.361,585750.0,53250.0,summer,"Northwest 82nd Street, 306",Whittier Heights,Seattle
7518502490,515000.0,98117,47.6801,-122.38,669500.0,154500.0,winter,"18th Avenue Northwest, 7017",Whittier Heights,Seattle
9268200600,413500.0,98117,47.6959,-122.364,537550.0,124050.0,fall,"6th Avenue Northwest, 9059",Crown Hill,Seattle
9268200315,456000.0,98117,47.6964,-122.365,592800.0,136800.0,winter,"7th Avenue Northwest, 9209",Crown Hill,Seattle
7518505070,402000.0,98117,47.6769,-122.383,522600.0,120600.0,summer,"21st Avenue Northwest, 6530",King County,Seattle
2028701165,430000.0,98117,47.6764,-122.366,559000.0,129000.0,spring,"8th Avenue Northwest, NA",Whittier Heights,Seattle
3501600135,437500.0,98117,47.6933,-122.361,568750.0,131250.0,winter,"Northwest 89th Street, 309",Crown Hill,Seattle
4443800960,520000.0,98117,47.6871,-122.391,676000.0,156000.0,winter,"27th Avenue Northwest, 8009",Loyal Heights,Seattle
2880100240,439950.0,98117,47.6789,-122.365,571935.0,131985.0,winter,"7th Avenue Northwest, 6739",Whittier Heights,Seattle
7518503685,402000.0,98117,47.6765,-122.381,522600.0,120600.0,summer,"19th Avenue Northwest, NA",King County,Seattle
1862400087,475000.0,98117,47.6966,-122.375,617500.0,142500.0,winter,"Mary Avenue Northwest, 9214",Crown Hill,Seattle
7518507330,535610.0,98117,47.6765,-122.386,589171.0,53561.0,fall,"Jones Avenue Northwest, 6520",King County,Seattle
2872100385,460000.0,98117,47.6826,-122.394,598000.0,138000.0,winter,"Northwest 74th Street, 2822",Loyal Heights,Seattle
2856101479,276000.0,98117,47.6778,-122.389,358800.0,82800.0,summer,"25th Avenue Northwest, 6703",Loyal Heights,Seattle
2356800020,416000.0,98117,47.6914,-122.372,540800.0,124800.0,spring,"12th Avenue Northwest, 8531",Crown Hill,Seattle
4449800063,435000.0,98117,47.6892,-122.393,565500.0,130500.0,winter,"28th Avenue Northwest, 8310",Loyal Heights,Seattle
4443800940,485000.0,98117,47.687,-122.391,630500.0,145500.0,winter,"27th Avenue Northwest, 8005",Loyal Heights,Seattle
1432400335,288000.0,98058,47.452,-122.177,374400.0,86400.0,winter,"123rd Avenue Southeast, 16812",King County,
2473400340,320000.0,98058,47.4525,-122.162,416000.0,96000.0,winter,"133rd Place Southeast, 16710",King County,
1431700370,290000.0,98058,47.4599,-122.172,377000.0,87000.0,winter,"Southeast 160th Street, 12611",King County,
5112800421,225500.0,98058,47.4517,-122.082,293150.0,67650.0,fall,"Southeast 168th Street, 19403",King County,
2473400570,317000.0,98058,47.4528,-122.163,412100.0,95100.0,winter,"133rd Place Southeast, 16703",King County,
2473250850,318500.0,98058,47.4562,-122.158,414050.0,95550.0,winter,"Southeast Fairwood Boulevard, 13616",Fairwood West,
2817800100,328950.0,98058,47.4286,-122.179,361845.00000000006,32895.00000000006,fall,"121st Place Southeast, 19254",King County,
1423600300,249950.0,98058,47.4553,-122.174,324935.0,74985.0,fall,"126th Avenue Southeast, 16512",King County,
1432400525,195000.0,98058,47.4518,-122.179,253500.0,58500.0,fall,"121st Avenue Southeast, 16820",King County,
1432900150,320000.0,98058,47.4567,-122.171,416000.0,96000.0,winter,"Southeast 164th Street, 12762",King County,
5126400150,239950.0,98058,47.4768,-122.177,311935.0,71985.0,fall,"Southeast 6th Street, 3108",Maplewood Glen,
8856890330,300000.0,98058,47.463,-122.125,390000.0,90000.0,winter,"Southeast 156th Street, 16110",Summerfield,
984100340,296000.0,98058,47.4351,-122.173,384800.0,88800.0,winter,"126th Place Southeast, 18601",Boulevard Place,
2473101360,289900.0,98058,47.4492,-122.157,376870.0,86970.0,winter,"Southeast 171st Place, 13634",King County,
1432900310,320000.0,98058,47.4579,-122.17,416000.0,96000.0,winter,"128th Avenue Southeast, 16134",King County,
1432701510,249000.0,98058,47.45,-122.175,323700.0,74700.0,fall,"125th Avenue Southeast, 16882",King County,
7229100040,300000.0,98058,47.4495,-122.17,390000.0,90000.0,winter,"128th Avenue Southeast, 17021",King County,
5126400230,199000.0,98058,47.4763,-122.177,258700.0,59700.0,fall,"Southeast 6th Street, 3113",Maplewood Glen,
1423700680,190000.0,98058,47.4559,-122.183,247000.0,57000.0,fall,"Southeast 164th Street, 11811",King County,
1431700280,310000.0,98058,47.4602,-122.171,403000.0,93000.0,winter,"Southeast 160th Street, 12638",King County,
5112800210,255950.0,98058,47.4509,-122.088,332735.0,76785.0,summer,"190th Avenue Southeast, 16835",King County,
3353401710,227950.0,98001,47.2613,-122.255,296335.0,68385.0,summer,"5th Avenue Southwest, 200",King County,
3353400860,249900.0,98001,47.267,-122.25,324870.0,74970.0,summer,"Milwaukee Boulevard South, 117",King County,
303000445,175000.0,98001,47.327,-122.267,227500.0,52500.0,fall,"55th Avenue South, 30567",King County,
3750605349,210500.0,98001,47.2622,-122.282,273650.0,63150.0,summer,"42nd Avenue South, 37820",Jovita,
1311000600,250000.0,98001,47.3426,-122.285,275000.0,25000.0,fall,"39th Avenue South, 28821",King County,
321049090,254000.0,98001,47.3424,-122.289,279400.0,25400.0,fall,"34th Avenue South, 28830",King County,
4463400195,170000.0,98001,47.3096,-122.241,221000.0,51000.0,fall,"Clay Street Northwest, 201",King County,
3750603940,240000.0,98001,47.2633,-122.281,312000.0,72000.0,summer,"43rd Avenue South, 37637",Jovita,
7905400160,246900.0,98001,47.3068,-122.27,320970.0,74070.0,summer,"South 329th Place, 5120",King County,
1311000270,247000.0,98001,47.3398,-122.286,321100.0,74100.0,summer,"South 292nd Place, 3653",King County,
321049193,215000.0,98001,47.3413,-122.29,279500.0,64500.0,summer,"South 290th Street, 3385",King County,
3353401340,199900.0,98001,47.2664,-122.256,259870.0,59970.0,winter,"2nd Avenue Southwest, 221",King County,
3205000310,345000.0,98056,47.5407,-122.177,448500.0,103500.0,summer,"Southeast 70th Street, 12166",King County,
1066600045,350000.0,98056,47.5233,-122.185,385000.00000000006,35000.00000000006,fall,"Southeast 89th Street, 11614",King County,
428000055,322500.0,98056,47.5121,-122.17,419250.0,96750.0,summer,"Queen Avenue Northeast, 2303",Glencoe,
418000310,155000.0,98056,47.4924,-122.175,201500.0,46500.0,fall,"Monroe Avenue Northeast, NA",Highlands Park,
9476700135,300000.0,98056,47.4883,-122.191,390000.0,90000.0,summer,"Bronson Way Northeast, 359",Liberty Ridge,
3276180140,365000.0,98056,47.5087,-122.193,401500.00000000006,36500.00000000006,fall,"Monterey Avenue Northeast, 1811",Kennydale,
3343903640,249000.0,98056,47.5133,-122.196,323700.0,74700.0,fall,"Northeast 24th Street, 1706",Kennydale,
8805400090,289000.0,98056,47.494,-122.165,375700.0,86700.0,spring,"Northeast 6th Court, 4018",President Park,
7227501745,368000.0,98056,47.4937,-122.184,404800.00000000006,36800.00000000006,fall,"Ferndale Place Northeast, 649",Highlands Park,
7227501450,240000.0,98056,47.4946,-122.187,312000.0,72000.0,fall,"Dayton Avenue Northeast, 687",Highlands Park,
7227500020,259950.0,98056,47.4958,-122.191,337935.0,77985.0,fall,"Northeast 7th Street, 2102",Highlands Park,
422000010,299950.0,98056,47.4964,-122.168,389935.0,89985.0,summer,"Northeast 8th Court, 3812",President Park,
421000185,200000.0,98056,47.4953,-122.169,260000.0,60000.0,fall,"Redmond Avenue Northeast, 751",President Park,
9476200545,270000.0,98056,47.4919,-122.187,351000.0,81000.0,fall,"Windsor Place NE, 582",Highlands Park,
7789000080,253905.0,98056,47.5112,-122.167,330076.5,76171.5,fall,"Northeast 22nd Street, 3908",Glencoe,
7227502155,208000.0,98056,47.4915,-122.184,270400.0,62400.0,fall,"Northeast 5th Place, 2604",Highlands Park,
3268000040,339900.0,98056,47.5234,-122.177,441870.0,101970.0,summer,"Southeast May Creek Park Drive, 12234",Olympus,
424500100,189900.0,98056,47.4959,-122.172,246870.0,56970.0,fall,"Northeast 8th Street, 3507",President Park,
428000150,269950.0,98056,47.5104,-122.171,350935.0,80985.0,fall,"126th Avenue Southeast, 10330",Glencoe,
419000015,299950.0,98056,47.492,-122.172,389935.0,89985.0,summer,"Northeast 6th Street, 3505",President Park,
425200205,165000.0,98056,47.4971,-122.168,214500.0,49500.0,fall,"Northeast 9th Court, 3801",President Park,
7227500450,222900.0,98056,47.4979,-122.183,289770.0,66870.0,fall,"Glennwood Avenue Northeast, 918",Highlands Park,
420000085,238000.0,98056,47.4927,-122.169,309400.0,71400.0,fall,"Northeast 6th Place, 3713",President Park,
2064800600,367500.0,98056,47.5351,-122.174,404250.00000000006,36750.00000000006,fall,"125th Avenue Southeast, 7462",King County,
7227501765,265000.0,98056,47.494,-122.184,344500.0,79500.0,fall,"Northeast 7th Street, 2609",Highlands Park,
425200145,265000.0,98056,47.4974,-122.169,344500.0,79500.0,fall,"Northeast 9th Court, 3708",President Park,
3343901242,335000.0,98056,47.5091,-122.19,435500.0,100500.0,summer,"Blaine Avenue Northeast, 1909",Kennydale,
8074200160,265000.0,98056,47.4922,-122.178,344500.0,79500.0,fall,"Jefferson Avenue Northeast, 600",Highlands Park,
1061500510,350000.0,98056,47.5017,-122.165,385000.00000000006,35000.00000000006,fall,"Tacoma Avenue Northeast, 1108",President Park,
7227801580,232000.0,98056,47.5072,-122.181,301600.0,69600.0,fall,"Northeast 16th Street, 2821",King County,
418000330,199950.0,98056,47.4924,-122.174,259935.0,59985.0,fall,"Northeast 6th Street, 3328",President Park,
7788400065,317000.0,98056,47.5124,-122.165,412100.0,95100.0,summer,"Northeast 23rd Place, 4013",Glencoe,
3343300644,343000.0,98056,47.5454,-122.192,445900.0,102900.0,summer,"Lake Washington Boulevard Southeast, 6420",King County,
7809200035,290000.0,98056,47.4972,-122.176,377000.0,87000.0,spring,"Monroe Avenue Northeast, 863",Highlands Park,
3343901848,313100.0,98056,47.5068,-122.191,407030.0,93930.0,summer,"Aberdeen Avenue Northeast, 1610",Kennydale,
424500035,250000.0,98056,47.4959,-122.174,325000.0,75000.0,fall,"Northeast 8th Street, 3323",President Park,
3344500183,375000.0,98056,47.511,-122.197,412500.00000000006,37500.00000000006,fall,"Jones Avenue Northeast, 2115",Kennydale,
8026200080,372000.0,98056,47.5147,-122.193,409200.00000000006,37200.00000000006,fall,"Monterey Avenue Northeast, 2441",Kennydale,
9476200020,254000.0,98056,47.4905,-122.191,330200.0,76200.0,fall,"Grandey Way Northeast, 505",Highlands Park,
1332700010,305000.0,98056,47.5184,-122.196,396500.0,91500.0,summer,"Kennewick Place Northeast, 2956",Kennydale,
3342102385,376000.0,98056,47.5215,-122.202,413600.00000000006,37600.00000000006,fall,"Park Avenue North, 3315",Kennydale,
418000415,191000.0,98056,47.4927,-122.172,248300.0,57300.0,fall,"Northeast 6th Place, 3507",President Park,
421000500,209995.0,98056,47.4934,-122.166,272993.5,62998.5,fall,"Northeast 6th Place, 3918",President Park,
7227501190,250000.0,98056,47.496,-122.189,325000.0,75000.0,fall,"Northeast 8th Street, 2213",Highlands Park,
7227500740,217000.0,98056,47.496,-122.186,282100.0,65100.0,fall,"Edmonds Avenue Northeast, 803",Highlands Park,
9476200650,245000.0,98056,47.4915,-122.188,318500.0,73500.0,fall,"Bronson Place Northeast, 561",Highlands Park,
9476200580,250000.0,98056,47.4914,-122.186,325000.0,75000.0,fall,"Windsor Place NE, 554",Highlands Park,
923059206,374000.0,98056,47.492,-122.166,411400.00000000006,37400.00000000006,fall,"Northeast 6th Street, 3923",President Park,
2968800626,355000.0,98166,47.4589,-122.353,461500.0,106500.0,spring,"14th Avenue Southwest, 16023",King County,
243000380,365000.0,98166,47.4536,-122.355,474500.0,109500.0,spring,"16th Avenue Southwest, 16620",Gregory Heights,
1218000025,246000.0,98166,47.4625,-122.345,319800.0,73800.0,fall,"8th Avenue Southwest, 15627",King County,
1430800100,356000.0,98166,47.4713,-122.355,462800.0,106800.0,spring,"16th Avenue Southwest, 14636",Seahurst,
4338800685,299999.0,98166,47.4791,-122.347,389998.7,89999.70000000001,winter,"10th Avenue Southwest, 13730",King County,
1217000270,338995.0,98166,47.4557,-122.348,440693.5,101698.5,spring,"Southwest 164th Street, 1017",King County,
1900600040,265000.0,98166,47.4692,-122.35,344500.0,79500.0,fall,"12th Avenue Southwest, 14821",King County,
4337600005,153000.0,98166,47.4811,-122.339,198900.0,45900.0,fall,"Southwest 136th Street, 325",King County,
2968801240,211000.0,98166,47.4565,-122.35,274300.0,63300.0,fall,"12th Avenue Southwest, 16251",King County,
2968801605,285000.0,98166,47.4571,-122.345,370500.0,85500.0,winter,"8th Avenue Southwest, 16227",King County,
5029450850,205000.0,98023,47.2873,-122.367,266500.0,61500.0,winter,"Southwest 351st Street, 2627",King County,
9202000080,215000.0,98023,47.2864,-122.357,279500.0,64500.0,spring,"Southwest 351st Street, 1625",King County,
1099600090,205000.0,98023,47.3004,-122.377,266500.0,61500.0,winter,"Southwest 336th Street, NA",King County,
395800370,246600.0,98023,47.3313,-122.343,320580.0,73980.0,spring,"Southwest 302nd Street, 606",Redondo Highlands,
5029450290,230000.0,98023,47.29,-122.368,299000.0,69000.0,spring,"Southwest 347th Place, 2639",King County,
8944300010,230000.0,98023,47.3054,-122.369,299000.0,69000.0,spring,"Southwest 332nd Street, 2662",Twin Lakes,
9211500230,263000.0,98023,47.2989,-122.38,289300.0,26300.0,summer,"37th Place Southwest, 33741",King County,
2123039032,369900.0,98070,47.4683,-122.438,480870.0,110970.0,summer,"Southwest Hawthorne Lane, 8232",King County,
2817100570,453000.0,98070,47.3714,-122.431,588900.0,135900.0,winter,"Southwest 259th Place, 7815",King County,
8550001515,429592.0,98070,47.3551,-122.475,558469.6,128877.59999999998,winter,"Manzanita Beach Road Southwest, 27999",King County,
222029026,340000.0,98070,47.4285,-122.511,442000.0,102000.0,fall,"Robinwood Road Southwest, 19548",King County,
2551500220,330000.0,98070,47.4332,-122.446,429000.0,99000.0,fall,"88th Place Southwest, NA",King County,
2051200506,390000.0,98070,47.365,-122.462,507000.0,117000.0,winter,"99th Avenue Southwest, 26619",King County,
1535204365,428000.0,98070,47.4193,-122.444,556400.0,128400.0,winter,"87th Avenue Southwest, 19923",King County,
2436701180,671500.0,98105,47.667,-122.289,872950.0,201450.0,spring,"36th Avenue Northeast, 5208",Ravenna,Seattle
3856905010,565000.0,98105,47.6692,-122.325,734500.0,169500.0,summer,"Northeast 56th Street, 309",Meridian,Seattle
2436700315,441500.0,98105,47.6665,-122.287,573950.0,132450.0,winter,"38th Avenue Northeast, 5057",King County,Seattle
1928300350,570000.0,98105,47.6714,-122.32,741000.0,171000.0,summer,"NA, NA",King County,Seattle
6746700565,447000.0,98105,47.6684,-122.316,581100.0,134100.0,winter,"Northeast 55th Street, 1103",Meridian,Seattle
8827900560,655000.0,98105,47.6717,-122.295,851500.0,196500.0,spring,"30th Avenue Northeast, 5744",Ravenna,Seattle
3589500260,550000.0,98105,47.6699,-122.317,715000.0,165000.0,summer,"Roosevelt Way Northeast, 5612",King County,Seattle
9550202700,460000.0,98105,47.6681,-122.324,598000.0,138000.0,winter,"Northeast 54th Street, 334",Meridian,Seattle
2436700540,665000.0,98105,47.6659,-122.287,864500.0,199500.0,spring,"38th Avenue Northeast, 5033",King County,Seattle
8813400345,575000.0,98105,47.6645,-122.288,747500.0,172500.0,spring,"37th Avenue Northeast, 4828",King County,Seattle
9550204450,651000.0,98105,47.6662,-122.326,846300.0,195300.0,spring,"Latona Avenue Northeast, 5115",Meridian,Seattle
1796360350,255000.0,98042,47.3663,-122.089,331500.0,76500.0,spring,"189th Place Southeast, 26222",Covington Woods,
7942100310,232000.0,98042,47.3811,-122.087,301600.0,69600.0,spring,"190th Place Southeast, 24622",King County,
8648200030,260000.0,98042,47.363,-122.08,338000.0,78000.0,spring,"197th Place Southeast, 26616",King County,
1865810060,267500.0,98042,47.3737,-122.115,347750.0,80250.0,spring,"Southeast 254th Place, 16921",King County,
2916620240,264950.0,98042,47.3646,-122.076,344435.0,79485.0,spring,"199th Place Southeast, 26418",King County,
8651441620,210000.0,98042,47.364,-122.094,273000.0,63000.0,fall,"Southeast 265th Street, 18621",Covington Woods,
8651443480,282000.0,98042,47.3659,-122.092,310200.0,28200.0,fall,"187th Court Southeast, 26302",Covington Woods,
8651410090,209000.0,98042,47.3644,-122.082,271700.0,62700.0,fall,"Southeast 265th Street, 19427",King County,
8651401270,203000.0,98042,47.3637,-122.083,263900.0,60900.0,fall,"Southeast 266th Street, 19423",King County,
8651400750,209950.0,98042,47.3625,-122.084,272935.0,62985.0,fall,"Southeast 267th Street, 19409",King County,
322059097,269900.0,98042,47.4193,-122.149,350870.0,80970.0,spring,"Southeast 204th Place, 14404",King County,
2522059112,248500.0,98042,47.3614,-122.119,323050.0,74550.0,spring,"Southeast 268th Street, 16635",King County,
7942200050,261000.0,98042,47.3833,-122.093,339300.0,78300.0,spring,"Southeast 244th Place, 18518",King County,
7942100290,199000.0,98042,47.3816,-122.087,258700.0,59700.0,fall,"Southeast Wax Road, 19009",King County,
2212900920,215000.0,98042,47.3281,-122.135,279500.0,64500.0,fall,"Southeast 306th Street, 15412",King County,
8651430780,178000.0,98042,47.3704,-122.08,231400.0,53400.0,fall,"Southeast 259th Street, 19601",King County,
1274500420,234000.0,98042,47.3627,-122.108,304200.0,70200.0,spring,"175th Avenue Southeast, 26605",King County,
8651402910,176000.0,98042,47.3627,-122.087,228800.0,52800.0,fall,"Southeast 266th Street, 19023",Covington Woods,
2618300190,255000.0,98042,47.422,-122.153,331500.0,76500.0,spring,"Southeast 201st Street, 14033",King County,
8651410740,189000.0,98042,47.3677,-122.078,245700.0,56700.0,fall,"Southeast 261st Street, 19713",King County,
8092700230,249950.0,98042,47.3659,-122.113,324935.0,74985.0,spring,"171st Place Southeast, 26344",King County,
8651411460,214000.0,98042,47.3683,-122.079,278200.0,64200.0,fall,"Southeast 261st Street, 19520",King County,
2212900180,220000.0,98042,47.3266,-122.138,286000.0,66000.0,winter,"153rd Avenue Southeast, 30703",King County,
7942100180,230000.0,98042,47.3828,-122.09,299000.0,69000.0,summer,"Southeast 244th Place, 18827",King County,
5469300330,275000.0,98042,47.374,-122.141,357500.0,82500.0,spring,"150th Place Southeast, 25411",King County,
8651443360,195700.0,98042,47.3638,-122.088,254410.0,58710.0,fall,"Southeast 265th Street, 18903",Covington Woods,
6600400270,202000.0,98042,47.3244,-122.144,262600.0,60600.0,fall,"148th Avenue Southeast, 30920",Wynaco,
322059264,279000.0,98042,47.4206,-122.155,306900.0,27900.0,fall,"140th Avenue Southeast, 20225",King County,
8651411070,180000.0,98042,47.3686,-122.081,234000.0,54000.0,fall,"195th Place Southeast, 26113",King County,
1796380060,253000.0,98042,47.3658,-122.085,328900.0,75900.0,spring,"191st Place Southeast, NA",Covington Woods,
6600400370,215000.0,98042,47.3248,-122.142,279500.0,64500.0,fall,"Southeast 309th Street, 14921",Wynaco,
8651411420,218000.0,98042,47.3684,-122.08,283400.0,65400.0,winter,"Southeast 261st Street, 19509",King County,
8651443420,280000.0,98042,47.366,-122.093,308000.0,28000.0,fall,"187th Court Southeast, 26313",Covington Woods,
8651400730,191000.0,98042,47.3607,-122.085,248300.0,57300.0,fall,"Southeast 269th Street, 19212",King County,
2569600150,235000.0,98042,47.3604,-122.111,305500.0,70500.0,spring,"172nd Place Southeast, 26860",King County,
8651402700,202950.0,98042,47.3613,-122.088,263835.0,60885.0,fall,"Southeast 269th Street, 19018",King County,
8651441210,230000.0,98042,47.3651,-122.094,299000.0,69000.0,summer,"187th Avenue Southeast, 26413",Covington Woods,
8651430870,177000.0,98042,47.3695,-122.081,230100.0,53100.0,fall,"196th Avenue Southeast, 26017",King County,
8651441750,174950.0,98042,47.3636,-122.093,227435.0,52485.0,fall,"NA, NA",Covington Woods,
5547500050,255000.0,98042,47.3815,-122.09,331500.0,76500.0,spring,"Southeast 245th Court, 18817",King County,
8651402750,132825.0,98042,47.3615,-122.087,172672.5,39847.5,fall,"191st Place Southeast, 26739",King County,
8651410670,189950.0,98042,47.3665,-122.082,246935.0,56985.0,fall,"195th Place Southeast, 26211",King County,
8651410190,179950.0,98042,47.3648,-122.081,233935.0,53985.0,fall,"195th Place Southeast, 26420",King County,
8651430220,183000.0,98042,47.3702,-122.078,237900.0,54900.0,fall,"Southeast 259th Street, 19628",King County,
8651430210,217000.0,98042,47.3701,-122.078,282100.0,65100.0,fall,"NA, NA",King County,
8651400580,195000.0,98042,47.3608,-122.083,253500.0,58500.0,fall,"194th Avenue Southeast, 26812",King County,
8092500720,230000.0,98042,47.3675,-122.11,299000.0,69000.0,summer,"Southeast 261st Street, 17217",King County,
3222069156,270000.0,98042,47.3437,-122.078,351000.0,81000.0,spring,"Southeast Covington Sawyer Road, 19808",King County,
621069154,226000.0,98042,47.3423,-122.088,293800.0,67800.0,summer,"Southeast Covington Sawyer Road, 19020",King County,
3298300130,474905.0,98008,47.6214,-122.119,617376.5,142471.5,summer,"Northeast 13th Street, 16598",King County,Bellevue
3275750290,480000.0,98008,47.6233,-122.108,624000.0,144000.0,summer,"173rd Avenue Northeast, 1515",Bretton Wood,Bellevue
3298200320,445000.0,98008,47.62,-122.12,578500.0,133500.0,summer,"165th Place Northeast, 1183",King County,Bellevue
7752000065,537000.0,98008,47.6345,-122.123,698100.0,161100.0,summer,"Northeast 27th Street, 16296",King County,Bellevue
259800680,534000.0,98008,47.629,-122.117,694200.0,160200.0,summer,"Northeast 21st Street, 16752",King County,Bellevue
5231000060,310000.0,98059,47.5015,-122.124,403000.0,93000.0,fall,"162nd Avenue Southeast, 11311",King County,
7230200340,305000.0,98059,47.475,-122.11,396500.0,91500.0,fall,"Southeast 142nd Street, 17229",King County,
9353300140,284950.0,98059,47.4887,-122.133,370435.0,85485.0,fall,"156th Avenue Southeast, 12654",Willowbrook,
2787720140,416000.0,98059,47.5124,-122.16,540800.0,124800.0,summer,"Northeast 23rd Court, 4434",Glencoe,
3450300270,268000.0,98059,47.5008,-122.162,348400.0,80400.0,fall,"Whitman Court Northeast, 1059",Hidden Creek,
7230300100,320000.0,98059,47.4703,-122.112,416000.0,96000.0,fall,"171st Avenue Southeast, 14714",King County,
9353300090,360000.0,98059,47.4898,-122.133,468000.0,108000.0,summer,"156th Avenue Southeast, 12612",Willowbrook,
3450300020,329000.0,98059,47.5009,-122.164,427700.0,98700.0,fall,"Northeast 11th Street, 4104",Hidden Creek,
2787720170,395000.0,98059,47.512,-122.16,513500.0,118500.0,summer,"Northeast 23rd Court, 4431",Glencoe,
5169700022,334950.0,98059,47.5089,-122.155,435435.0,100485.0,spring,"Elma Avenue Northeast, 1815",King County,
323059146,343000.0,98059,47.5031,-122.152,445900.0,102900.0,summer,"Hoquiam Avenue Northeast, 1201",Hidden Creek,
2787700150,365000.0,98059,47.5067,-122.16,474500.0,109500.0,summer,"Northeast 17th Street, 4417",Glencoe,
3211100240,349000.0,98059,47.4801,-122.158,453700.0,104700.0,summer,"Southeast 4th Street, 4524",Heather Downs,
2787700060,420000.0,98059,47.5067,-122.163,546000.0,126000.0,summer,"Northeast 17th Street, 4209",Glencoe,
1081310060,375000.0,98059,47.4721,-122.123,487500.0,112500.0,summer,"Southeast 145th Place, 16135",King County,
323059208,320000.0,98059,47.5091,-122.144,416000.0,96000.0,fall,"Southeast 105th Place, 14712",King County,
5095401360,418000.0,98059,47.4694,-122.069,543400.0,125400.0,summer,"204th Avenue Southeast, 14826",King County,
2787700180,320000.0,98059,47.5066,-122.159,416000.0,96000.0,fall,"Northeast 17th Street, 4505",Glencoe,
7229900145,430000.0,98059,47.4821,-122.108,473000.00000000006,43000.00000000006,winter,"Southeast 134th Street, 17355",King County,
3211101010,319500.0,98059,47.4807,-122.157,415350.0,95850.0,fall,"Chelan Avenue Southeast, 306",Heather Downs,
7230300610,352500.0,98059,47.4695,-122.116,458250.0,105750.0,summer,"169th Avenue Southeast, 14727",King County,
7229900285,390000.0,98059,47.4837,-122.11,507000.0,117000.0,summer,"Southeast 133rd Street, 17316",King County,
5104200380,265000.0,98059,47.4772,-122.144,344500.0,79500.0,fall,"Southeast 140th Street, 14627",King County,
3211000190,310000.0,98059,47.4806,-122.163,403000.0,93000.0,fall,"Vashon Avenue Southeast, 263",Heather Downs,
2787700630,399000.0,98059,47.5078,-122.161,518700.0,119700.0,summer,"Anacortes Avenue Northeast, 1733",Glencoe,
5229300027,275000.0,98059,47.4978,-122.115,357500.0,82500.0,fall,"Southeast Renton Issaquah Road, 16819",King County,
1081330210,410000.0,98059,47.469,-122.121,533000.0,123000.0,summer,"164th Place Southeast, 14917",King County,
1523059103,390000.0,98059,47.4833,-122.157,507000.0,117000.0,summer,"Duvall Avenue Northeast, 109",South Union,
3793700210,299000.0,98059,47.4818,-122.094,388700.0,89700.0,fall,"Southeast 135th Street, 18438",King County,
3449000060,320000.0,98059,47.5022,-122.145,416000.0,96000.0,fall,"Southeast 113th Street, 14610",King County,
2258500049,469000.0,98122,47.609,-122.307,609700.0,140700.0,fall,"East Columbia Street, 1911",King County,Seattle
9818700430,421500.0,98122,47.6051,-122.298,547950.0,126450.0,summer,"27th Avenue, 327",King County,Seattle
1186000150,563250.0,98122,47.6157,-122.291,619575.0,56325.0,summer,"32nd Avenue, 1612",King County,Seattle
7942600975,505000.0,98122,47.6054,-122.314,656500.0,151500.0,fall,"14th Avenue, 414",Little Saigon,Seattle
9818700455,518000.0,98122,47.6048,-122.298,673400.0,155400.0,fall,"27th Avenue, 315",King County,Seattle
3253500160,317625.0,98144,47.5747,-122.304,412912.5,95287.5,spring,"22nd Avenue South, 3214",King County,Seattle
9834200885,360000.0,98144,47.572,-122.29,468000.0,108000.0,summer,,,
5393601050,445000.0,98144,47.5834,-122.307,489500.00000000006,44500.00000000006,spring,"South Walker Street, 1923",King County,Seattle
7319900345,438500.0,98144,47.5772,-122.307,570050.0,131550.0,winter,"20th Avenue South, 2919",King County,Seattle
1250201130,410000.0,98144,47.5972,-122.296,533000.0,123000.0,winter,"28th Avenue South, 524",King County,Seattle
1250201194,449000.0,98144,47.5976,-122.295,493900.00000000006,44900.00000000006,fall,"29th Avenue South, 515",King County,Seattle
3644100072,245000.0,98144,47.5918,-122.295,318500.0,73500.0,spring,"29th Avenue South, 1310",King County,Seattle
3644100030,432500.0,98144,47.5917,-122.296,562250.0,129750.0,winter,"Bradner Place South, 1316",King County,Seattle
9834200305,350000.0,98144,47.575,-122.288,455000.0,105000.0,fall,,,
3644100073,245000.0,98144,47.5918,-122.295,318500.0,73500.0,spring,"29th Avenue South, 1310",King County,Seattle
4395600060,935000.0,98004,47.6132,-122.21,1215500.0,280500.0,spring,"Northeast 1st Street, 9730",Moorland,Bellevue
824059083,993000.0,98004,47.5892,-122.203,1290900.0,297900.0,spring,"104th Avenue Southeast, 2399",King County,Bellevue
824059277,985000.0,98004,47.582,-122.194,1280500.0,295500.0,spring,"110th Avenue Southeast, 3183",King County,Bellevue
4389201021,1014250.0,98004,47.6169,-122.212,1318525.0,304275.0,spring,"97th Avenue Northeast, NA",King County,Bellevue
686900030,999950.0,98004,47.6354,-122.196,1299935.0,299985.0,spring,"108th Avenue Northeast, 2798",Ashwood,Bellevue
6669000070,1000000.0,98004,47.6273,-122.194,1300000.0,300000.0,spring,"Northeast 19th Place, 10854",Ashwood,Bellevue
3860900111,695000.0,98004,47.5945,-122.201,903500.0,208500.0,fall,"104th Avenue Southeast, 1880",King County,Bellevue
629000410,915000.0,98004,47.5862,-122.202,1189500.0,274500.0,winter,"Southeast 27th Street, 10427",King County,
629000704,1000000.0,98004,47.5849,-122.198,1300000.0,300000.0,spring,"106th Place Southeast, 2833",King County,
6664000130,635250.0,98004,47.5904,-122.194,825825.0,190575.0,fall,"109th Avenue Southeast, 2294",King County,Bellevue
4389200761,1100000.0,98004,47.6155,-122.21,1430000.0,330000.0,spring,"98th Avenue Northeast, 432",King County,Bellevue
514500090,550000.0,98005,47.5877,-122.157,715000.0,165000.0,summer,"Southeast 26th Street, 13736",King County,Bellevue
9541800075,685650.0,98005,47.5919,-122.175,891345.0,205695.0,fall,"123rd Avenue Southeast, 2076",Norwood Village,Bellevue
2330000035,710000.0,98005,47.6118,-122.169,923000.0,213000.0,fall,"Northeast 2nd Street, 12833",Belridge,Bellevue
9542400010,745000.0,98005,47.5968,-122.174,819500.0000000001,74500.00000000012,summer,"Southeast 19th Street, NA",Woodridge,Bellevue
5307100280,680000.0,98005,47.5849,-122.169,884000.0,204000.0,fall,"Southeast 29th Street, 12804",King County,Bellevue
3191000240,400000.0,98034,47.7146,-122.217,520000.0,120000.0,spring,"93rd Place Northeast, 12632",King County,
9477001280,425000.0,98034,47.7357,-122.193,552500.0,127500.0,spring,"Juanita-Woodinville Way Northeast, NA",King County,
3303230110,424000.0,98034,47.7271,-122.196,551200.0,127200.0,spring,"109th Avenue Northeast, 14048",King County,
1853200080,350000.0,98034,47.7119,-122.23,455000.0,105000.0,spring,"84th Avenue Northeast, 12411",King County,
1138000250,350000.0,98034,47.7141,-122.213,455000.0,105000.0,spring,"Northeast 127th Place, 9753",King County,
8835200330,399950.0,98034,47.723,-122.162,519935.0,119985.0,spring,"134th Court Northeast, 13631",King County,
7696300180,410000.0,98034,47.7306,-122.233,533000.0,123000.0,spring,"81st Avenue Northeast, 14232",King County,
1049010050,386100.0,98034,47.7381,-122.179,501930.0,115830.0,spring,"122nd Court Northeast, 15118",King County,
9477000650,397000.0,98034,47.7351,-122.189,516100.0,119100.0,spring,"114th Avenue Northeast, 14720",King County,
7527200030,700000.0,98075,47.5896,-122.083,770000.0000000001,70000.00000000012,fall,"192nd Avenue Southeast, 2190",King County,
8099900260,544500.0,98075,47.5816,-122.0,707850.0,163350.0,fall,"255th Avenue Southeast, 3027",Tibbets Station,
1024069037,525000.0,98075,47.5821,-122.016,682500.0,157500.0,fall,"Southeast 30th Street, 24275",King County,
3570000160,610000.0,98075,47.593,-122.054,793000.0,183000.0,spring,"Southeast 19th Street, 21301",King County,
1024069063,620000.0,98075,47.5832,-122.02,806000.0,186000.0,spring,"Southeast 30th Street, 23962",King County,
952002765,460000.0,98116,47.5654,-122.384,598000.0,138000.0,summer,"41st Avenue Southwest, 4138",King County,Seattle
2313900560,554000.0,98116,47.573,-122.383,609400.0,55400.0,fall,"40th Avenue Southwest, 3403",Admiral,Seattle
6384500581,555000.0,98116,47.5688,-122.397,610500.0,55500.0,winter,"51st Avenue Southwest, 3850",King County,Seattle
585000008,460000.0,98116,47.5828,-122.395,598000.0,138000.0,summer,"Southwest Prince Street, 5012",Admiral,Seattle
6385000025,521450.0,98116,47.5713,-122.397,573595.0,52145.0,fall,"51st Avenue Southwest, 3626",King County,Seattle
513000445,554950.0,98116,47.5758,-122.382,610445.0,55495.0,fall,"Southwest Hanford Street, 3908",Admiral,Seattle
3389900800,395000.0,98116,47.5628,-122.391,513500.0,118500.0,fall,"Southwest Oregon Street, 4609",King County,Seattle
324000370,502000.0,98116,47.5719,-122.385,652600.0,150600.0,summer,"41st Avenue Southwest, 3441",Admiral,Seattle
7905200230,330000.0,98116,47.571,-122.391,429000.0,99000.0,fall,"46th Avenue Southwest, 3639",King County,Seattle
952001765,558000.0,98116,47.5668,-122.384,613800.0,55800.0,winter,"41st Avenue Southwest, 4050",King County,Seattle
7579200715,400000.0,98116,47.5586,-122.383,520000.0,120000.0,fall,"40th Avenue Southwest, 4823",King County,Seattle
9278200095,465000.0,98116,47.5751,-122.393,604500.0,139500.0,summer,"48th Avenue Southwest, 3224",Admiral,Seattle
8100000090,256000.0,98010,47.3126,-122.023,332800.0,76800.0,winter,"Sunny Lane, 32214",King County,
844001140,206000.0,98010,47.3106,-121.999,267800.0,61800.0,winter,"Lawson Street, 25724",Lawson Hill Estates,
844000425,199999.0,98010,47.3091,-122.006,259998.7,59999.70000000001,winter,"1st Avenue, 32614",Lawson Hill Estates,
3622069050,212644.0,98010,47.3531,-121.982,276437.2,63793.20000000001,winter,"Southeast Ravensdale Way, 26916",King County,
3222079136,213000.0,98010,47.3492,-121.935,276900.0,63900.0,winter,"307th Avenue Southeast, 28125",King County,
421069081,337000.0,98010,47.3326,-122.046,438100.0,101100.0,fall,"224th Avenue Southeast, 30033",King County,
3332500265,311000.0,98118,47.5496,-122.279,404300.0,93300.0,spring,"South Juneau Street, 4241",Brighton,Seattle
7129302615,292000.0,98118,47.5157,-122.256,379600.0,87600.0,summer,"South Pilgrim Street, 6111",Rainier Beach,Seattle
323049148,319000.0,98118,47.5162,-122.274,414700.0,95700.0,spring,"South Roxbury Street, 4601",Rainier Beach,Seattle
6882510020,340000.0,98118,47.5298,-122.28,442000.0,102000.0,spring,"South Elmgrove Street, 4209",King County,Seattle
3336001470,311000.0,98118,47.5255,-122.265,404300.0,93300.0,spring,"Wabash Avenue South, 8659",Rainier Beach,Seattle
3904100220,276000.0,98118,47.5317,-122.276,358800.0,82800.0,summer,"South Kenyon Street, 4452",Dunlap,Seattle
3330500925,258305.0,98118,47.5518,-122.277,335796.5,77491.5,fall,"South Findlay Street, 4521",Brighton,Seattle
2658000215,207000.0,98118,47.5298,-122.271,269100.0,62100.0,fall,"50th Avenue South, 8113",Dunlap,Seattle
2123700100,353000.0,98118,47.5271,-122.274,388300.00000000006,35300.00000000006,winter,"47th Avenue South, 8421",Rainier Beach,Seattle
3419600125,245000.0,98118,47.5276,-122.274,318500.0,73500.0,fall,"47th Avenue South, 8411",Rainier Beach,Seattle
7338401230,285000.0,98118,47.5332,-122.29,370500.0,85500.0,summer,"South Portland Street, 3218",King County,Seattle
6882510060,365000.0,98118,47.5303,-122.28,401500.00000000006,36500.00000000006,summer,"South Elmgrove Street, 4226",King County,Seattle
8113101000,336000.0,98118,47.5486,-122.278,436800.0,100800.0,spring,"44th Avenue South, 5958",Brighton,Seattle
3331001165,305000.0,98118,47.5514,-122.284,396500.0,91500.0,spring,"South Orcas Street, 3822",Brighton,Seattle
7129304225,305000.0,98118,47.5183,-122.266,396500.0,91500.0,spring,"53rd Avenue South, 9320",Rainier Beach,Seattle
7129302185,290000.0,98118,47.5149,-122.257,377000.0,87000.0,summer,"61st Avenue South, 9720",Rainier Beach,Seattle
2589300065,329900.0,98118,47.5362,-122.271,428870.0,98970.0,spring,"Rainier Avenue South, 7325",Dunlap,Seattle
7562100065,260000.0,98118,47.5276,-122.273,338000.0,78000.0,fall,"48th Avenue South, 8411",Rainier Beach,Seattle
7129303180,310000.0,98118,47.5181,-122.257,403000.0,93000.0,spring,"South Redwing Street, 6051",Rainier Beach,Seattle
3031200120,255000.0,98118,47.5372,-122.289,331500.0,76500.0,fall,"South Othello Street, 3316",Holly Park,Seattle
6821102100,510000.0,98199,47.6493,-122.398,663000.0,153000.0,fall,"32nd Avenue West, 3218",Lawton Park,Seattle
1370803820,629000.0,98199,47.6408,-122.403,817700.0,188700.0,summer,"Piedmont Place West, 2445",Carleton Park,Seattle
6821100090,557800.0,98199,47.6567,-122.399,725140.0,167340.0,summer,"33rd Avenue West, 4026",Lawton Park,Seattle
3271300955,554729.0,98199,47.6503,-122.41,721147.7000000001,166418.70000000007,summer,,,
6822100310,685000.0,98199,47.6495,-122.401,753500.0000000001,68500.00000000012,fall,"34th Avenue West, 3223",Lawton Park,Seattle
6822100030,589000.0,98199,47.6496,-122.403,765700.0,176700.0,summer,"35th Avenue West, 3229",Carleton Park,Seattle
8127700210,600000.0,98199,47.6419,-122.394,780000.0,180000.0,summer,"29th Avenue West, 2526",Lawton Park,Seattle
2771104010,529999.0,98199,47.6456,-122.383,688998.7000000001,158999.70000000007,spring,"21st Avenue West, 2826",Interbay,Seattle
7010701383,680000.0,98199,47.6599,-122.396,748000.0000000001,68000.00000000012,fall,"30th Avenue West, 4350",Lawton Park,Seattle
6822100155,630000.0,98199,47.6493,-122.401,819000.0,189000.0,summer,"34th Avenue West, 3215",Lawton Park,Seattle
6146600185,160000.0,98032,47.3877,-122.234,208000.0,48000.0,winter,"1st Avenue North, 733",Downtown,
8857600220,178500.0,98032,47.3864,-122.287,232050.0,53550.0,winter,"South 240th Street, 3545",King County,
9407001860,372000.0,98045,47.4487,-121.772,483600.0,111600.0,summer,"426th Place Southeast, 16899",Wilderness Rim,
9407001340,320000.0,98045,47.4456,-121.773,416000.0,96000.0,winter,"426th Avenue Southeast, 17198",Wilderness Rim,
7334500120,240000.0,98045,47.4648,-121.757,312000.0,72000.0,fall,"Southeast 150th Street, 43736",King County,
9407001320,295000.0,98045,47.4462,-121.773,383500.0,88500.0,fall,"426th Avenue Southeast, 17158",Wilderness Rim,
626100023,600000.0,98077,47.7201,-122.062,780000.0,180000.0,summer,"208th Avenue Northeast, 13597",King County,
1771110090,316000.0,98077,47.7567,-122.073,410800.0,94800.0,spring,"197th Place Northeast, 17602",King County,
1626069178,535000.0,98077,47.7409,-122.052,695500.0,160500.0,summer,"Northeast 156th Street, 21387",King County,
1771100440,360000.0,98077,47.7566,-122.073,468000.0,108000.0,spring,"197th Place Northeast, 17600",King County,
1626069220,562000.0,98077,47.7361,-122.046,730600.0,168600.0,summer,"Northeast 150th Street, 21745",King County,
7549802600,335000.0,98108,47.55,-122.312,368500.00000000006,33500.00000000006,winter,"16th Avenue South, 5840",Van Asselt,Seattle
7883608693,191000.0,98108,47.5269,-122.314,248300.0,57300.0,winter,"Dallas Avenue South, 8519",South Park,Seattle
6082400260,231500.0,98168,47.4832,-122.299,254650.00000000003,23150.00000000003,fall,"South 135th Street, 2612",King County,SeaTac
795000820,220000.0,98168,47.5033,-122.329,286000.0,66000.0,winter,"South 112th Street, 316",King County,Seattle
179000100,174000.0,98168,47.4927,-122.28,226200.0,52200.0,fall,"42nd Avenue South, 12258",King County,
1446403305,206000.0,98168,47.4882,-122.325,267800.0,61800.0,winter,"7th Avenue South, 12807",King County,
1446404015,200000.0,98168,47.4878,-122.324,260000.0,60000.0,winter,"8th Avenue South, 12901",Highline,
42000006,235000.0,98168,47.4702,-122.281,258500.00000000003,23500.00000000003,summer,"42nd Avenue South, 14812",King County,
1623049145,210000.0,98168,47.4885,-122.298,273000.0,63000.0,winter,"South 128th Street, 2643",King County,SeaTac
8018600980,187250.0,98168,47.4939,-122.318,243425.0,56175.0,spring,"12th Avenue South, 12214",King County,
7279300070,345500.0,98177,47.7612,-122.362,449150.0,103650.0,summer,"Northwest 182nd Street, 378",King County,
1124000050,461000.0,98177,47.7181,-122.371,599300.0,138300.0,fall,"11th Avenue Northwest, 12203",King County,Seattle
259100110,540000.0,98177,47.7602,-122.363,594000.0,54000.0,summer,"Northwest 181st Street, 400",King County,
3626039207,522500.0,98177,47.7049,-122.359,574750.0,52250.0,summer,"Northwest 105th Street, 119",King County,Seattle
3904910050,515000.0,98029,47.5688,-122.019,669500.0,154500.0,spring,"243rd Avenue Southeast, 3589",Hunter's Ridge,
6073200075,625000.0,98006,47.5724,-122.179,812500.0,187500.0,summer,"Southeast 42nd Street, 12115",Newport Shores,Bellevue
6067910030,664000.0,98006,47.5427,-122.181,863200.0,199200.0,summer,"119th Place Southeast, 6854",King County,Bellevue
6067900060,565000.0,98006,47.5433,-122.185,734500.0,169500.0,fall,"117th Avenue Southeast, 6605",King County,Bellevue
6072100140,500000.0,98006,47.545,-122.171,650000.0,150000.0,fall,"Southeast 65th Street, NA",King County,Bellevue
2024059084,625000.0,98006,47.5515,-122.189,812500.0,187500.0,summer,"Lake Washington Boulevard Southeast, 5848",King County,Bellevue
2206700295,453000.0,98006,47.5637,-122.139,588900.0,135900.0,fall,"Southeast 46th Street, 15053",King County,Bellevue
6071700160,603500.0,98006,47.549,-122.173,784550.0,181050.0,summer,"Southeast 61st Street, 12596",King County,Bellevue
2202500110,430000.0,98006,47.5732,-122.136,559000.0,129000.0,fall,"153rd Avenue Southeast, 4070",King County,Bellevue
6072100490,527500.0,98006,47.5448,-122.174,685750.0,158250.0,fall,"Southeast 65th Street, 12514",King County,Bellevue
6072400820,525000.0,98006,47.5569,-122.176,682500.0,157500.0,fall,"123rd Avenue Southeast, 5101",King County,Bellevue
8562800250,596000.0,98006,47.5599,-122.142,774800.0,178800.0,summer,"Southeast 47th Place, 14903",King County,Bellevue
6072760670,652450.0,98006,47.563,-122.178,848185.0,195735.0,summer,"121st Avenue Southeast, 4613",King County,Bellevue
643300010,365000.0,98006,47.5683,-122.178,474500.0,109500.0,fall,"Southeast 44th Place, 12128",King County,Bellevue
6072500050,560000.0,98006,47.5456,-122.179,728000.0,168000.0,fall,"121st Avenue Southeast, 6311",King County,Bellevue
9346910500,700000.0,98006,47.5627,-122.137,910000.0,210000.0,summer,"Southeast 46th Way, 15338",King County,Bellevue
6073200020,485000.0,98006,47.5728,-122.179,630500.0,145500.0,fall,"Southeast 42nd Street, 12114",Newport Shores,Bellevue
2206700215,375000.0,98006,47.566,-122.14,487500.0,112500.0,fall,"Southeast 45th Street, 15001",King County,Bellevue
2141310820,689000.0,98006,47.559,-122.136,895700.0,206700.0,summer,"Southeast 48th Street, NA",King County,Bellevue
1777600230,610000.0,98006,47.5694,-122.132,793000.0,183000.0,summer,"Southeast 43rd Street, 15514",King County,Bellevue
2141300620,550000.0,98006,47.5582,-122.139,715000.0,165000.0,fall,"151st Avenue Southeast, 4852",King County,Bellevue
6071300030,464500.0,98006,47.5531,-122.177,603850.0,139350.0,fall,"119th Avenue Southeast, 5464",King County,Bellevue
2206700070,435000.0,98006,47.567,-122.139,565500.0,130500.0,fall,"Southeast 44th Place, 15062",King County,Bellevue
2204500550,425000.0,98006,47.5729,-122.147,552500.0,127500.0,fall,"Southeast Allen Road, 14448",King County,Bellevue
2600110560,750000.0,98006,47.5515,-122.153,975000.0,225000.0,summer,"140th Place Southeast, 5799",King County,Bellevue
2824059128,510000.0,98006,47.5421,-122.172,663000.0,153000.0,fall,"127th Place Southeast, 6699",King County,Bellevue
6071400710,648000.0,98006,47.553,-122.174,842400.0,194400.0,summer,"125th Avenue Southeast, 5586",King County,Bellevue
6071000310,622000.0,98006,47.56,-122.181,808600.0,186600.0,summer,"Southeast 49th Place, 11832",King County,Bellevue
4036100175,689000.0,98006,47.5606,-122.184,895700.0,206700.0,summer,"Southeast 48th Street, 11715",King County,Bellevue
1777600210,590000.0,98006,47.5698,-122.132,767000.0,177000.0,spring,"155th Place Southeast, 4224",King County,Bellevue
6072000910,480000.0,98006,47.5479,-122.179,624000.0,144000.0,fall,"121st Avenue Southeast, 6119",King County,Bellevue
2204500480,551100.0,98006,47.572,-122.147,716430.0,165330.0,fall,"Southeast 42nd Street, 14450",King County,Bellevue
6072400280,619850.0,98006,47.5602,-122.176,805805.0,185955.0,summer,"Southeast 47th Place, 12267",King County,Bellevue
2211700290,538000.0,98006,47.565,-122.116,699400.0,161400.0,fall,"Southeast 45th Street, 16785",King County,Bellevue
2201500680,501000.0,98006,47.5718,-122.136,651300.0,150300.0,fall,"Southeast 42nd Street, 15352",King County,Bellevue
2141320230,710000.0,98006,47.5584,-122.137,923000.0,213000.0,summer,"Southeast 48th Street, NA",King County,Bellevue
1951800580,590000.0,98006,47.5403,-122.168,767000.0,177000.0,spring,"129th Place Southeast, 6800",King County,Bellevue
2205700180,545000.0,98006,47.5754,-122.15,708500.0,163500.0,fall,"142nd Place Southeast, 3848",King County,Bellevue
2024059059,693000.0,98006,47.5538,-122.191,900900.0,207900.0,summer,"Lake Washington Boulevard Southeast, 5597",King County,Bellevue
6071200455,550000.0,98006,47.5531,-122.181,715000.0,165000.0,fall,"Southeast 56th Street, 11819",King County,Bellevue
1777600900,710000.0,98006,47.5678,-122.128,923000.0,213000.0,summer,"Southeast 43rd Place, 15866",King County,Bellevue
809002435,725000.0,98109,47.6372,-122.352,797500.0000000001,72500.00000000012,fall,"3rd Avenue North, 2023",King County,Seattle
5244801275,410500.0,98109,47.6436,-122.352,533650.0,123150.0,winter,"3rd Avenue North, 2609",King County,Seattle
1929300415,710000.0,98109,47.6428,-122.348,923000.0,213000.0,spring,"5th Avenue North, 2568",King County,Seattle
5437820310,218000.0,98022,47.1951,-122.001,283400.0,65400.0,winter,"Harmony Lane, 506",King County,
1917300260,210000.0,98022,47.2105,-121.989,273000.0,63000.0,spring,"Davis Avenue, 1516",King County,
7710100083,225000.0,98022,47.2093,-122.0,292500.0,67500.0,summer,"Garfield Street, 1931",King County,
4102000075,275000.0,98022,47.2653,-121.91,357500.0,82500.0,summer,"West Lake Walker Drive Southeast, 37316",King County,
2420069017,152900.0,98022,47.2107,-121.99,198770.0,45870.0,spring,"Porter Street, 2930",King County,
5706500140,205500.0,98022,47.2113,-121.992,267150.0,61650.0,spring,"Wilson Avenue, 1811",King County,
2420069251,262000.0,98022,47.2082,-121.995,340600.0,78600.0,summer,"Marshall Avenue, 1849",King County,
8005100025,195000.0,98022,47.2052,-121.987,253500.0,58500.0,spring,"Washington Avenue, 1108",King County,
5602000025,251000.0,98022,47.206,-121.998,326300.0,75300.0,summer,"Pioneer Street, 1560",King County,
2320069206,219000.0,98022,47.2092,-121.997,284700.0,65700.0,summer,"Lafromboise Street, 1926",King County,
853000261,197500.0,98022,47.2053,-121.993,256750.0,59250.0,spring,"Griffin Avenue, 1529",King County,
5595900280,235000.0,98022,47.2046,-121.996,305500.0,70500.0,summer,"Lafromboise Street, 1449",King County,
2372800050,220000.0,98022,47.201,-121.999,286000.0,66000.0,summer,"Harding Street, 1122",King County,
8029200190,227000.0,98022,47.2094,-121.996,295100.0,68100.0,summer,"Lafromboise Street, 1943",King County,
5602000275,259950.0,98022,47.2056,-121.999,337935.0,77985.0,summer,"Harding Street, 1522",King County,
6018500120,210000.0,98022,47.2008,-121.995,273000.0,63000.0,spring,"Lincoln Avenue, 2007",King County,
8005100540,215000.0,98022,47.2077,-121.993,279500.0,64500.0,fall,"Washington Avenue, 1730",King County,
1645000710,255000.0,98022,47.2098,-122.004,331500.0,76500.0,summer,"McKinley Street, 1964",King County,
2220069196,253500.0,98022,47.2063,-122.023,329550.0,76050.0,summer,"239th Place Southeast, 44019",King County,
5602000105,265000.0,98022,47.2048,-121.999,344500.0,79500.0,summer,"Harding Street, 1456",King County,
5595900316,231000.0,98022,47.205,-121.996,300300.0,69300.0,summer,"Lafromboise Street, 1469",King County,
2372800145,219950.0,98022,47.2005,-121.999,285935.0,65985.0,summer,"Harding Street, 1078",King County,
5595900210,195000.0,98022,47.205,-121.995,253500.0,58500.0,spring,"Division Street, 1486",King County,
1320069249,192500.0,98022,47.2163,-121.984,250250.0,57750.0,spring,"268th Avenue Southeast, 42918",King County,
2420069242,175000.0,98022,47.2088,-121.992,227500.0,52500.0,spring,"Park Street, 2025",King County,
8091600080,225000.0,98022,47.2051,-122.006,292500.0,67500.0,summer,"Semanski Street, 1490",King County,
1871400585,160000.0,98022,47.2848,-121.927,208000.0,48000.0,spring,"312th Way Southeast, 35277",King County,
2420069268,184900.0,98022,47.2064,-121.988,240370.0,55470.0,spring,"Wells Street, 1931",King County,
920069052,243950.0,98022,47.2411,-122.043,317135.0,73185.0,summer,"228th Way Southeast, 40202",King County,
2372800100,245000.0,98022,47.2012,-122.0,318500.0,73500.0,summer,"Garfield Street, 1135",King County,
9170500060,649000.0,98033,47.693,-122.168,713900.0,64900.0,fall,"Northeast 104th Street, 12855",King County,
1235700042,537000.0,98033,47.6973,-122.194,698100.0,161100.0,spring,"Northeast 108th Street, 11004",King County,
4151800470,675000.0,98033,47.6652,-122.202,742500.0000000001,67500.00000000012,winter,"103rd Avenue Northeast, 6526",Houghton,
3699100130,495000.0,98033,47.7001,-122.2,643500.0,148500.0,fall,"Northeast 112th Street, 10455",King County,
3039000050,575000.0,98033,47.7024,-122.198,747500.0,172500.0,summer,"107th Place Northeast, 11410",King County,
3885805640,625000.0,98033,47.6821,-122.196,812500.0,187500.0,summer,"9th Avenue, 619",King County,
3759500006,610000.0,98033,47.6988,-122.202,793000.0,183000.0,summer,"Northeast 110th Street, 10410",King County,
3226059071,426000.0,98033,47.7006,-122.197,553800.0,127800.0,fall,"108th Avenue Northeast, 11204",King County,
325059126,565000.0,98033,47.6893,-122.164,734500.0,169500.0,summer,"Northeast 100th Street, 13205",King County,
3900500110,627000.0,98033,47.6727,-122.174,689700.0,62700.0,fall,"124th Place Northeast, 7528",King County,
6743700015,392800.0,98033,47.6955,-122.175,510640.0,117840.0,fall,"124th Avenue Northeast, 10616",King County,
1088020070,645000.0,98033,47.6678,-122.182,709500.0,64500.0,fall,"119th Avenue Northeast, 6905",King County,
925059219,664000.0,98033,47.6651,-122.174,730400.0000000001,66400.00000000012,fall,"Northeast 65th Lane, 12416",King County,
3902310210,610000.0,98033,47.6909,-122.186,793000.0,183000.0,summer,"116th Avenue Northeast, 10046",King County,
1087900050,560000.0,98033,47.6616,-122.175,728000.0,168000.0,summer,"123rd Avenue Northeast, 6110",King County,
2128000050,625000.0,98033,47.697,-122.169,812500.0,187500.0,summer,"Northeast 108th Place, 12821",King County,
7424600020,620000.0,98033,47.6856,-122.168,806000.0,186000.0,summer,"Northeast 94th Street, 12838",King County,
7420200050,623000.0,98033,47.6908,-122.169,809900.0,186900.0,summer,"Northeast 101st Place, 12833",King County,
1236300307,565000.0,98033,47.6863,-122.189,734500.0,169500.0,summer,"Northeast 95th Street, 11235",King County,
3888100029,475300.0,98033,47.688,-122.168,617890.0,142590.0,fall,"130th Avenue Northeast, 9719",King County,
5212000020,630100.0,98033,47.6999,-122.2,693110.0,63010.0,fall,"105th Avenue Northeast, 11128",King County,
2128000180,600000.0,98033,47.6976,-122.169,780000.0,180000.0,summer,"Northeast 108th Place, 12820",King County,
3500100226,340895.0,98155,47.734,-122.301,443163.5,102268.5,spring,"Northeast 145th Street, 2527",King County,Seattle
7304300570,366500.0,98155,47.7416,-122.32,403150.00000000006,36650.00000000006,winter,"Northeast 155th Street, 876",King County,
3971700940,330000.0,98155,47.772,-122.322,429000.0,99000.0,spring,"Northeast 198th Street, 753",King County,
6163901751,291500.0,98155,47.7494,-122.319,378950.0,87450.0,spring,"10th Avenue Northeast, 16613",North City,
1568100215,315000.0,98155,47.7352,-122.295,409500.0,94500.0,spring,"31st Avenue Northeast, 14584",King County,
411100020,310000.0,98155,47.7407,-122.327,403000.0,93000.0,spring,"2nd Avenue Northeast, 15401",King County,
4024101434,318000.0,98155,47.7601,-122.307,413400.0,95400.0,spring,"Northeast 182nd Court, 2401",King County,
6163901381,295000.0,98155,47.7548,-122.316,383500.0,88500.0,spring,"12th Avenue Northeast, NA",North City,
1568100225,343000.0,98155,47.7349,-122.295,445900.0,102900.0,spring,"31st Avenue Northeast, 14564",King County,
6668900005,266000.0,98155,47.7492,-122.311,345800.0,79800.0,winter,"Northeast 166th Street, 1593",King County,
7305300090,338000.0,98155,47.7557,-122.328,439400.0,101400.0,spring,"Northeast 175th Street, 211",King County,
3995700325,275000.0,98155,47.7406,-122.302,357500.0,82500.0,winter,"25th Avenue Northeast, 15454",Briarcrest,
3738900105,350000.0,98155,47.7359,-122.306,455000.0,105000.0,spring,"22nd Avenue Northeast, 14716",Briarcrest,
6163900971,352450.0,98155,47.7564,-122.316,458185.0,105735.0,spring,"12th Avenue Northeast, 17516",North City,
4024101395,370000.0,98155,47.7596,-122.304,407000.00000000006,37000.00000000006,summer,"25th Avenue Northeast, 17987",King County,
6163901061,329000.0,98155,47.7538,-122.322,427700.0,98700.0,spring,"8th Avenue Northeast, 17057",North City,
7304300430,364000.0,98155,47.7429,-122.321,400400.00000000006,36400.00000000006,winter,"8th Avenue Northeast, 15560",North City,
3500100015,327500.0,98155,47.7366,-122.302,425750.0,98250.0,spring,"25th Avenue Northeast, 14817",Briarcrest,
6163901380,244000.0,98155,47.755,-122.316,317200.0,73200.0,winter,"12th Avenue Northeast, NA",North City,
1568100220,350000.0,98155,47.7351,-122.295,455000.0,105000.0,spring,"31st Avenue Northeast, 14578",King County,
6893300350,439900.0,98024,47.5242,-121.926,571870.0,131970.0,summer,"311th Avenue Southeast, NA",King County,
1387301360,411800.0,98011,47.7367,-122.195,535340.0,123540.0,winter,"Northeast 151st Street, 10911",King County,
6204200590,410000.0,98011,47.7336,-122.202,533000.0,123000.0,winter,"104th Avenue Northeast, 14511",King County,
8096600100,455000.0,98011,47.7675,-122.226,500500.00000000006,45500.00000000006,fall,"86th Avenue Northeast, 19057",King County,
7016100120,440000.0,98011,47.7382,-122.182,572000.0,132000.0,winter,"Northeast 153rd Place, 11931",King County,
3387900390,255000.0,98031,47.3969,-122.198,331500.0,76500.0,fall,"108th Avenue Southeast, 22813",King County,
3110800260,274700.0,98031,47.4142,-122.179,357110.0,82410.0,fall,"Southeast 210th Street, 12045",Hillshire Terrace,
2796100160,250000.0,98031,47.4081,-122.178,325000.0,75000.0,fall,"Southeast 217th Street, 12206",Hillshire Terrace,
1761300850,271000.0,98031,47.3967,-122.174,352300.0,81300.0,fall,"126th Avenue Southeast, 22904",King County,
8802400896,204995.0,98031,47.4025,-122.201,266493.5,61498.5,summer,"104th Place Southeast, 22218",King County,
2212200100,229950.0,98031,47.3942,-122.189,298935.0,68985.0,fall,,,
1761300340,251750.0,98031,47.3947,-122.174,327275.0,75525.0,fall,"Southeast 232nd Street, 12526",King County,
1355000220,243000.0,98031,47.4135,-122.18,315900.0,72900.0,fall,"Southeast 210th Place, 12017",Hillshire Terrace,
3388000040,260000.0,98031,47.3943,-122.196,338000.0,78000.0,fall,"Southeast 232nd Street, 10825",King County,
6457000080,269900.0,98031,47.4007,-122.198,350870.0,80970.0,fall,"Southeast 224th Place, 10715",King County,
3298700125,280000.0,98106,47.5232,-122.354,364000.0,84000.0,winter,"15th Avenue Southwest, 8851",Highland Park,Seattle
4302200336,300000.0,98106,47.5256,-122.357,390000.0,90000.0,winter,"17th Avenue Southwest, 8635",Highland Park,Seattle
2113701080,300000.0,98106,47.5296,-122.351,390000.0,90000.0,winter,"12th Avenue Southwest, 8113",Highland Park,Seattle
3438501662,270000.0,98106,47.5456,-122.359,351000.0,81000.0,winter,"21st Avenue Southwest, 6330 B",King County,Seattle
3438501020,308500.0,98106,47.5499,-122.36,401050.0,92550.0,winter,"21st Avenue Southwest, 5903",King County,Seattle
3438501150,300000.0,98106,47.5483,-122.36,390000.0,90000.0,winter,"21st Avenue Southwest, 5965",King County,Seattle
3876820140,373000.0,98072,47.74,-122.173,484900.0,111900.0,winter,"125th Place Northeast, 12504",King County,
1775801090,465000.0,98072,47.7415,-122.096,604500.0,139500.0,fall,"Northeast 156th Street, 18190",King County,
9144300120,374500.0,98072,47.7619,-122.162,486850.0,112350.0,winter,"133rd Place Northeast, 18501",King County,
5379805460,245000.0,98188,47.4488,-122.275,318500.0,73500.0,fall,"South 172nd Place, 4700",King County,SeaTac
1003600080,245000.0,98188,47.4396,-122.285,318500.0,73500.0,fall,"South 182nd Street, 3815",King County,SeaTac
4435000490,249000.0,98188,47.4538,-122.288,323700.0,74700.0,fall,"35th Avenue South, 16627",King County,SeaTac
7148200040,173000.0,98188,47.4413,-122.277,224900.0,51900.0,summer,"South 181st Street, 4514",King County,SeaTac
1001200050,259000.0,98188,47.433,-122.292,336700.0,77700.0,fall,"33rd Avenue South, 18909",King County,SeaTac
7231502505,220000.0,98055,47.4759,-122.208,286000.0,66000.0,summer,"Burnett Avenue South, 518",King County,
6623400193,257000.0,98055,47.4299,-122.199,334100.0,77100.0,spring,"Southeast 192nd Street, 10617",King County,
5365200040,235000.0,98055,47.4815,-122.226,305500.0,70500.0,spring,"Southwest Langston Road, 616",King County,
7224500010,253000.0,98055,47.4906,-122.204,328900.0,75900.0,spring,"Wells Avenue North, 506",North Renton,
3262301355,1320000.0,98039,47.6304,-122.234,1716000.0,396000.0,spring,"Northeast 22nd Street, 7962",King County,
3738000070,1712750.0,98039,47.6176,-122.223,2226575.0,513825.0,fall,"88th Avenue Northeast, 800",Eastland,
